frame_index,message_seq,target_id,timestamp,timestamp_source,on_ground,altitude_type,status_flags,validity_flags,latitude,longitude,altitude,speed,heading,vertical_rate,callsign,lat_valid,lon_valid,altitude_valid,speed_valid,heading_valid,vertical_rate_valid,callsign_valid,checksum,expected_checksum,message_valid,validation_errors
0,1,000001,1710000060,time_position,True,barometric,1,127,0.000021,0.000043,0.0,0.0,0.0,0.0,TEST0001,True,True,True,True,True,True,True,1924,1924,True,
1,2,000001,1710000090,time_position,False,barometric,0,127,0.010021,0.009999,10.0,10.0,45.0,0.0,TEST0001,True,True,True,True,True,True,True,2578,2578,True,
2,3,000001,1710000120,time_position,False,barometric,0,127,0.02002,0.020041,20.0,20.0,90.0,0.0,TEST0001,True,True,True,True,True,True,True,2724,2724,True,
3,4,780abc,1710000060,time_position,False,barometric,0,127,31.230383,121.47367,9800.0,230.5,86.0,0.0,CES1234,True,True,True,True,True,True,True,2681,2681,True,
4,5,780abc,1710000090,time_position,False,barometric,0,127,31.240382,121.483713,9850.0,231.0,87.0,1.0,CES1234,True,True,True,True,True,True,True,3062,3062,True,
5,6,780abc,1710000120,time_position,False,barometric,0,127,31.250382,121.493669,9900.0,231.5,88.0,1.5,CES1234,True,True,True,True,True,True,True,2882,2882,True,
6,7,780def,1710000060,last_contact,False,geometric,6,55,30.2741,120.155139,7500.0,,270.0,-1.2,,True,True,True,False,True,True,False,2506,2506,True,
7,8,780def,1710000090,time_position,False,geometric,2,55,30.264101,120.145097,7450.0,,269.0,-1.0,,True,True,True,False,True,True,False,2563,2563,True,
8,9,780def,1710000120,time_position,False,geometric,2,52,,,7400.0,,268.0,-0.8,,False,False,True,False,True,True,False,2172,2172,True,
